{"cameraMode":{"drawMode":0,"name":"Shaded","section":"Shading Mode"},"sceneLighting":true,"audioPlay":false,"sceneViewState":{"showFog":true,"showMaterialUpdate":false,"showSkybox":true,"showFlares":true,"showImageEffects":true,"showParticleSystems":true,"showVisualEffectGraphs":true,"m_FxEnabled":true},"in2DMode":false,"pivot":{"x":167.38693237304688,"y":70.82452392578125,"z":12.627716064453125},"rotation":{"x":0.04020148143172264,"y":0.01620599813759327,"z":-0.0007407881785184145,"w":0.9990955591201782},"size":124.11595916748047,"orthographic":false}