{"cameraMode":{"drawMode":0,"name":"Shaded","section":"Shading Mode"},"sceneLighting":true,"audioPlay":false,"sceneViewState":{"showFog":true,"showMaterialUpdate":false,"showSkybox":true,"showFlares":true,"showImageEffects":true,"showParticleSystems":true,"showVisualEffectGraphs":true,"m_FxEnabled":true},"in2DMode":false,"pivot":{"x":188.7400665283203,"y":17.417465209960939,"z":106.42440795898438},"rotation":{"x":0.022143900394439698,"y":-0.9779531359672546,"z":0.1445097029209137,"w":0.14931344985961915},"size":9.759167671203614,"orthographic":false}