{"cameraMode":{"drawMode":0,"name":"Shaded","section":"Shading Mode"},"sceneLighting":true,"audioPlay":false,"sceneViewState":{"showFog":true,"showMaterialUpdate":false,"showSkybox":true,"showFlares":true,"showImageEffects":true,"showParticleSystems":true,"showVisualEffectGraphs":true,"m_FxEnabled":true},"in2DMode":false,"pivot":{"x":73.08132934570313,"y":0.40115272998809817,"z":69.10503387451172},"rotation":{"x":0.03918579965829849,"y":0.7093988060951233,"z":0.039661940187215808,"w":-0.7026350498199463},"size":0.9078788161277771,"orthographic":false}